<?xml version="1.0"?>
<!DOCTYPE hibernate-mapping PUBLIC "-//Hibernate/Hibernate Mapping DTD 3.0//EN"
"http://hibernate.sourceforge.net/hibernate-mapping-3.0.dtd">
<!-- Generated 2018-11-23 17:51:54 by Hibernate Tools 3.4.0.CR1 -->
<hibernate-mapping>
    <class name="member.User" table="USER">
        <id name="id" type="int">
            <column name="ID" />
            <generator class="native" />
        </id>
        <property name="username" type="java.lang.String">
            <column name="USERNAME" />
        </property>
        <property name="password" type="java.lang.String">
            <column name="PASSWORD" />
        </property>
    </class>
</hibernate-mapping>
